{"stat.craftItem.minecraft.leather_leggings":1,"stat.chestOpened":10,"stat.flowerPotted":1,"stat.killEntity.Bat":1,"stat.walkOneCm":369442,"stat.useItem.minecraft.painting":5,"stat.recordPlayed":8,"stat.pickup.minecraft.redstone_torch":1,"stat.pickup.minecraft.stone_pressure_plate":1,"stat.pickup.minecraft.sign":5,"stat.leaveGame":5,"stat.pickup.minecraft.arrow":60,"stat.pickup.minecraft.record_blocks":1,"stat.pickup.minecraft.record_far":1,"stat.pickup.minecraft.record_stal":1,"stat.craftItem.minecraft.leather_boots":1,"stat.useItem.minecraft.lava_bucket":54,"stat.useItem.minecraft.diamond_sword":2,"stat.drop.minecraft.sign":4,"stat.jump":1555,"stat.swimOneCm":20702,"stat.climbOneCm":4551,"stat.fallOneCm":56575,"stat.crouchOneCm":4518,"stat.drop.minecraft.anvil":69,"stat.pickup.minecraft.paper":1,"stat.sprintOneCm":104479,"stat.useItem.minecraft.stone_slab2":2412,"stat.useItem.minecraft.redstone_ore":1,"stat.pickup.minecraft.ladder":9,"stat.useItem.minecraft.fireworks":2,"stat.useItem.minecraft.water_bucket":46,"stat.craftingTableInteraction":7,"stat.pickup.minecraft.record_mellohi":2,"stat.pickup.minecraft.record_mall":1,"stat.pickup.minecraft.fireworks":4666,"stat.useItem.minecraft.flint_and_steel":4,"stat.pickup.minecraft.anvil":206,"stat.damageTaken":3100,"stat.pickup.minecraft.record_cat":1,"stat.dispenserInspected":37,"stat.mobKills":2,"stat.pickup.minecraft.dye":28,"stat.pickup.minecraft.record_ward":1,"stat.flyOneCm":631701,"stat.deaths":4,"stat.drop":87,"stat.useItem.minecraft.writable_book":3,"stat.playOneMinute":211933,"stat.craftItem.minecraft.leather_chestplate":1,"stat.pickup.minecraft.torch":13,"stat.useItem.minecraft.ladder":13,"stat.sneakTime":3734,"stat.damageDealt":100,"stat.drop.minecraft.sea_lantern":1,"stat.timeSinceDeath":79295,"stat.drop.minecraft.torch":13,"stat.cauldronFilled":1,"stat.pickup.minecraft.trapped_chest":1,"stat.diveOneCm":61567}